noise_level,replicate,method,success,vmax,km,r2,vmax_relative_error,km_relative_error,reason
0.0,0,nonlinear,True,99.99999999999933,4.999999999999844,1.0,6.679101716144941e-15,3.126388037344441e-14,
0.0,0,lineweaver_burk,True,99.99999999999994,5.0,1.0,5.684341886080802e-16,0.0,
0.0,1,nonlinear,True,99.99999999999933,4.999999999999844,1.0,6.679101716144941e-15,3.126388037344441e-14,
0.0,1,lineweaver_burk,True,99.99999999999994,5.0,1.0,5.684341886080802e-16,0.0,
0.0,2,nonlinear,True,99.99999999999933,4.999999999999844,1.0,6.679101716144941e-15,3.126388037344441e-14,
0.0,2,lineweaver_burk,True,99.99999999999994,5.0,1.0,5.684341886080802e-16,0.0,
0.0,3,nonlinear,True,99.99999999999933,4.999999999999844,1.0,6.679101716144941e-15,3.126388037344441e-14,
0.0,3,lineweaver_burk,True,99.99999999999994,5.0,1.0,5.684341886080802e-16,0.0,
0.0,4,nonlinear,True,99.99999999999933,4.999999999999844,1.0,6.679101716144941e-15,3.126388037344441e-14,
0.0,4,lineweaver_burk,True,99.99999999999994,5.0,1.0,5.684341886080802e-16,0.0,
0.0,5,nonlinear,True,99.99999999999933,4.999999999999844,1.0,6.679101716144941e-15,3.126388037344441e-14,
0.0,5,lineweaver_burk,True,99.99999999999994,5.0,1.0,5.684341886080802e-16,0.0,
0.0,6,nonlinear,True,99.99999999999933,4.999999999999844,1.0,6.679101716144941e-15,3.126388037344441e-14,
0.0,6,lineweaver_burk,True,99.99999999999994,5.0,1.0,5.684341886080802e-16,0.0,
0.0,7,nonlinear,True,99.99999999999933,4.999999999999844,1.0,6.679101716144941e-15,3.126388037344441e-14,
0.0,7,lineweaver_burk,True,99.99999999999994,5.0,1.0,5.684341886080802e-16,0.0,
0.0,8,nonlinear,True,99.99999999999933,4.999999999999844,1.0,6.679101716144941e-15,3.126388037344441e-14,
0.0,8,lineweaver_burk,True,99.99999999999994,5.0,1.0,5.684341886080802e-16,0.0,
0.0,9,nonlinear,True,99.99999999999933,4.999999999999844,1.0,6.679101716144941e-15,3.126388037344441e-14,
0.0,9,lineweaver_burk,True,99.99999999999994,5.0,1.0,5.684341886080802e-16,0.0,
0.0,10,nonlinear,True,99.99999999999933,4.999999999999844,1.0,6.679101716144941e-15,3.126388037344441e-14,
0.0,10,lineweaver_burk,True,99.99999999999994,5.0,1.0,5.684341886080802e-16,0.0,
0.0,11,nonlinear,True,99.99999999999933,4.999999999999844,1.0,6.679101716144941e-15,3.126388037344441e-14,
0.0,11,lineweaver_burk,True,99.99999999999994,5.0,1.0,5.684341886080802e-16,0.0,
0.0,12,nonlinear,True,99.99999999999933,4.999999999999844,1.0,6.679101716144941e-15,3.126388037344441e-14,
0.0,12,lineweaver_burk,True,99.99999999999994,5.0,1.0,5.684341886080802e-16,0.0,
0.0,13,nonlinear,True,99.99999999999933,4.999999999999844,1.0,6.679101716144941e-15,3.126388037344441e-14,
0.0,13,lineweaver_burk,True,99.99999999999994,5.0,1.0,5.684341886080802e-16,0.0,
0.0,14,nonlinear,True,99.99999999999933,4.999999999999844,1.0,6.679101716144941e-15,3.126388037344441e-14,
0.0,14,lineweaver_burk,True,99.99999999999994,5.0,1.0,5.684341886080802e-16,0.0,
0.0,15,nonlinear,True,99.99999999999933,4.999999999999844,1.0,6.679101716144941e-15,3.126388037344441e-14,
0.0,15,lineweaver_burk,True,99.99999999999994,5.0,1.0,5.684341886080802e-16,0.0,
0.0,16,nonlinear,True,99.99999999999933,4.999999999999844,1.0,6.679101716144941e-15,3.126388037344441e-14,
0.0,16,lineweaver_burk,True,99.99999999999994,5.0,1.0,5.684341886080802e-16,0.0,
0.0,17,nonlinear,True,99.99999999999933,4.999999999999844,1.0,6.679101716144941e-15,3.126388037344441e-14,
0.0,17,lineweaver_burk,True,99.99999999999994,5.0,1.0,5.684341886080802e-16,0.0,
0.0,18,nonlinear,True,99.99999999999933,4.999999999999844,1.0,6.679101716144941e-15,3.126388037344441e-14,
0.0,18,lineweaver_burk,True,99.99999999999994,5.0,1.0,5.684341886080802e-16,0.0,
0.0,19,nonlinear,True,99.99999999999933,4.999999999999844,1.0,6.679101716144941e-15,3.126388037344441e-14,
0.0,19,lineweaver_burk,True,99.99999999999994,5.0,1.0,5.684341886080802e-16,0.0,
0.0,20,nonlinear,True,99.99999999999933,4.999999999999844,1.0,6.679101716144941e-15,3.126388037344441e-14,
0.0,20,lineweaver_burk,True,99.99999999999994,5.0,1.0,5.684341886080802e-16,0.0,
0.0,21,nonlinear,True,99.99999999999933,4.999999999999844,1.0,6.679101716144941e-15,3.126388037344441e-14,
0.0,21,lineweaver_burk,True,99.99999999999994,5.0,1.0,5.684341886080802e-16,0.0,
0.0,22,nonlinear,True,99.99999999999933,4.999999999999844,1.0,6.679101716144941e-15,3.126388037344441e-14,
0.0,22,lineweaver_burk,True,99.99999999999994,5.0,1.0,5.684341886080802e-16,0.0,
0.0,23,nonlinear,True,99.99999999999933,4.999999999999844,1.0,6.679101716144941e-15,3.126388037344441e-14,
0.0,23,lineweaver_burk,True,99.99999999999994,5.0,1.0,5.684341886080802e-16,0.0,
0.0,24,nonlinear,True,99.99999999999933,4.999999999999844,1.0,6.679101716144941e-15,3.126388037344441e-14,
0.0,24,lineweaver_burk,True,99.99999999999994,5.0,1.0,5.684341886080802e-16,0.0,
0.0,25,nonlinear,True,99.99999999999933,4.999999999999844,1.0,6.679101716144941e-15,3.126388037344441e-14,
0.0,25,lineweaver_burk,True,99.99999999999994,5.0,1.0,5.684341886080802e-16,0.0,
0.0,26,nonlinear,True,99.99999999999933,4.999999999999844,1.0,6.679101716144941e-15,3.126388037344441e-14,
0.0,26,lineweaver_burk,True,99.99999999999994,5.0,1.0,5.684341886080802e-16,0.0,
0.0,27,nonlinear,True,99.99999999999933,4.999999999999844,1.0,6.679101716144941e-15,3.126388037344441e-14,
0.0,27,lineweaver_burk,True,99.99999999999994,5.0,1.0,5.684341886080802e-16,0.0,
0.0,28,nonlinear,True,99.99999999999933,4.999999999999844,1.0,6.679101716144941e-15,3.126388037344441e-14,
0.0,28,lineweaver_burk,True,99.99999999999994,5.0,1.0,5.684341886080802e-16,0.0,
0.0,29,nonlinear,True,99.99999999999933,4.999999999999844,1.0,6.679101716144941e-15,3.126388037344441e-14,
0.0,29,lineweaver_burk,True,99.99999999999994,5.0,1.0,5.684341886080802e-16,0.0,
0.0,30,nonlinear,True,99.99999999999933,4.999999999999844,1.0,6.679101716144941e-15,3.126388037344441e-14,
0.0,30,lineweaver_burk,True,99.99999999999994,5.0,1.0,5.684341886080802e-16,0.0,
0.0,31,nonlinear,True,99.99999999999933,4.999999999999844,1.0,6.679101716144941e-15,3.126388037344441e-14,
0.0,31,lineweaver_burk,True,99.99999999999994,5.0,1.0,5.684341886080802e-16,0.0,
0.0,32,nonlinear,True,99.99999999999933,4.999999999999844,1.0,6.679101716144941e-15,3.126388037344441e-14,
0.0,32,lineweaver_burk,True,99.99999999999994,5.0,1.0,5.684341886080802e-16,0.0,
0.0,33,nonlinear,True,99.99999999999933,4.999999999999844,1.0,6.679101716144941e-15,3.126388037344441e-14,
0.0,33,lineweaver_burk,True,99.99999999999994,5.0,1.0,5.684341886080802e-16,0.0,
0.0,34,nonlinear,True,99.99999999999933,4.999999999999844,1.0,6.679101716144941e-15,3.126388037344441e-14,
0.0,34,lineweaver_burk,True,99.99999999999994,5.0,1.0,5.684341886080802e-16,0.0,
0.0,35,nonlinear,True,99.99999999999933,4.999999999999844,1.0,6.679101716144941e-15,3.126388037344441e-14,
0.0,35,lineweaver_burk,True,99.99999999999994,5.0,1.0,5.684341886080802e-16,0.0,
0.0,36,nonlinear,True,99.99999999999933,4.999999999999844,1.0,6.679101716144941e-15,3.126388037344441e-14,
0.0,36,lineweaver_burk,True,99.99999999999994,5.0,1.0,5.684341886080802e-16,0.0,
0.0,37,nonlinear,True,99.99999999999933,4.999999999999844,1.0,6.679101716144941e-15,3.126388037344441e-14,
0.0,37,lineweaver_burk,True,99.99999999999994,5.0,1.0,5.684341886080802e-16,0.0,
0.0,38,nonlinear,True,99.99999999999933,4.999999999999844,1.0,6.679101716144941e-15,3.126388037344441e-14,
0.0,38,lineweaver_burk,True,99.99999999999994,5.0,1.0,5.684341886080802e-16,0.0,
0.0,39,nonlinear,True,99.99999999999933,4.999999999999844,1.0,6.679101716144941e-15,3.126388037344441e-14,
0.0,39,lineweaver_burk,True,99.99999999999994,5.0,1.0,5.684341886080802e-16,0.0,
0.0,40,nonlinear,True,99.99999999999933,4.999999999999844,1.0,6.679101716144941e-15,3.126388037344441e-14,
0.0,40,lineweaver_burk,True,99.99999999999994,5.0,1.0,5.684341886080802e-16,0.0,
0.0,41,nonlinear,True,99.99999999999933,4.999999999999844,1.0,6.679101716144941e-15,3.126388037344441e-14,
0.0,41,lineweaver_burk,True,99.99999999999994,5.0,1.0,5.684341886080802e-16,0.0,
0.0,42,nonlinear,True,99.99999999999933,4.999999999999844,1.0,6.679101716144941e-15,3.126388037344441e-14,
0.0,42,lineweaver_burk,True,99.99999999999994,5.0,1.0,5.684341886080802e-16,0.0,
0.0,43,nonlinear,True,99.99999999999933,4.999999999999844,1.0,6.679101716144941e-15,3.126388037344441e-14,
0.0,43,lineweaver_burk,True,99.99999999999994,5.0,1.0,5.684341886080802e-16,0.0,
0.0,44,nonlinear,True,99.99999999999933,4.999999999999844,1.0,6.679101716144941e-15,3.126388037344441e-14,
0.0,44,lineweaver_burk,True,99.99999999999994,5.0,1.0,5.684341886080802e-16,0.0,
0.0,45,nonlinear,True,99.99999999999933,4.999999999999844,1.0,6.679101716144941e-15,3.126388037344441e-14,
0.0,45,lineweaver_burk,True,99.99999999999994,5.0,1.0,5.684341886080802e-16,0.0,
0.0,46,nonlinear,True,99.99999999999933,4.999999999999844,1.0,6.679101716144941e-15,3.126388037344441e-14,
0.0,46,lineweaver_burk,True,99.99999999999994,5.0,1.0,5.684341886080802e-16,0.0,
0.0,47,nonlinear,True,99.99999999999933,4.999999999999844,1.0,6.679101716144941e-15,3.126388037344441e-14,
0.0,47,lineweaver_burk,True,99.99999999999994,5.0,1.0,5.684341886080802e-16,0.0,
0.0,48,nonlinear,True,99.99999999999933,4.999999999999844,1.0,6.679101716144941e-15,3.126388037344441e-14,
0.0,48,lineweaver_burk,True,99.99999999999994,5.0,1.0,5.684341886080802e-16,0.0,
0.0,49,nonlinear,True,99.99999999999933,4.999999999999844,1.0,6.679101716144941e-15,3.126388037344441e-14,
0.0,49,lineweaver_burk,True,99.99999999999994,5.0,1.0,5.684341886080802e-16,0.0,
0.03,0,nonlinear,True,96.4726674105338,4.478678427411637,0.9952653089061456,0.03527332589466198,0.10426431451767257,
0.03,0,lineweaver_burk,True,104.74212265373352,5.380950425178192,0.9848930028556069,0.04742122653733517,0.07619008503563833,
0.03,1,nonlinear,True,98.44523844406224,4.643669542913174,0.9968953434612824,0.01554761555937759,0.0712660914173652,
0.03,1,lineweaver_burk,True,99.39316045263534,4.806985094373468,0.9967299577083525,0.006068395473646575,0.03860298112530636,
0.03,2,nonlinear,True,99.26863791448072,4.938089595088249,0.998525602733263,0.007313620855192795,0.012382080982350274,
0.03,2,lineweaver_burk,True,99.80886685844216,5.010471725955785,0.9984861184029081,0.0019113314155784168,0.002094345191157032,
0.03,3,nonlinear,True,101.7684807710509,5.12856535721603,0.995013312002005,0.017684807710509034,0.025713071443206025,
0.03,3,lineweaver_burk,True,105.26378318891476,5.323036683538534,0.9924161475677139,0.05263783188914758,0.06460733670770687,
0.03,4,nonlinear,True,104.62926802419513,5.566534363875882,0.9947437878660702,0.046292680241951274,0.11330687277517644,
0.03,4,lineweaver_burk,True,97.06745246300832,4.737290597880357,0.9875064600243625,0.029325475369916774,0.05254188042392869,
0.03,5,nonlinear,True,102.01539023641082,5.230364908031925,0.9980719960161748,0.020153902364108234,0.046072981606385,
0.03,5,lineweaver_burk,True,100.3225957681531,4.974942051818369,0.9977014914107672,0.003225957681531071,0.005011589636326264,
0.03,6,nonlinear,True,98.10222960431598,5.05690445057384,0.9969638334522918,0.018977703956840203,0.011380890114767972,
0.03,6,lineweaver_burk,True,94.69400516406381,4.655059178778256,0.9952694487442099,0.0530599483593619,0.06898816424434884,
0.03,7,nonlinear,True,102.33228291904865,5.274181027524218,0.9942585131023325,0.023322829190486515,0.0548362055048436,
0.03,7,lineweaver_burk,True,99.96035070651347,4.914698054377303,0.9935384348748793,0.00039649293486533567,0.017060389124539378,
0.03,8,nonlinear,True,97.02901795921419,4.690142107687389,0.9937566819419248,0.02970982040785813,0.061971578462522284,
0.03,8,lineweaver_burk,True,101.21805269226212,5.051926644490028,0.9906535815412744,0.012180526922621197,0.010385328898005674,
0.03,9,nonlinear,True,96.48047247643397,4.484729225946361,0.9948429454235425,0.03519527523566026,0.10305415481072781,
0.03,9,lineweaver_burk,True,102.80142759576442,5.214155141173724,0.9888426777700353,0.02801427595764423,0.04283102823474483,
0.03,10,nonlinear,True,103.0375968265379,5.22186098288145,0.9974806779618036,0.03037596826537893,0.04437219657629008,
0.03,10,lineweaver_burk,True,99.77166892787365,4.9503811374680575,0.9957880457008755,0.0022833107212635183,0.009923772506388494,
0.03,11,nonlinear,True,98.27142636808506,4.729758975238084,0.9981796805635677,0.017285736319149408,0.05404820495238312,
0.03,11,lineweaver_burk,True,100.92467061030514,4.995472702692463,0.9970857312728666,0.009246706103051424,0.0009054594615074407,
0.03,12,nonlinear,True,103.32461840298221,5.196113304989764,0.9964113509929735,0.0332461840298221,0.03922266099795273,
0.03,12,lineweaver_burk,True,102.03102574914584,5.086325902496272,0.9961545659814772,0.0203102574914584,0.017265180499254386,
0.03,13,nonlinear,True,98.37590019186102,4.737819431947569,0.9950813656368221,0.01624099808138979,0.05243611361048615,
0.03,13,lineweaver_burk,True,97.87752643331078,4.828188672953753,0.9946376061097003,0.02122473566689223,0.03436226540924938,
0.03,14,nonlinear,True,101.43110869105526,5.2011836827241,0.9988933876661048,0.014311086910552575,0.04023673654481996,
0.03,14,lineweaver_burk,True,99.1634759475871,5.023152377777754,0.998007414554905,0.00836524052412898,0.004630475555550717,
0.03,15,nonlinear,True,101.1268507120637,5.153421335294189,0.9970703037813149,0.011268507120636997,0.030684267058837734,
0.03,15,lineweaver_burk,True,98.82681819373659,4.9185826075177355,0.9963099444261744,0.011731818062634148,0.016283478496452907,
0.03,16,nonlinear,True,101.7504191862863,5.24569074712299,0.9976614410597586,0.01750419186286294,0.049138149424597974,
0.03,16,lineweaver_burk,True,97.4086833076555,4.8066440155104475,0.9949583099335098,0.02591316692344506,0.0386711968979105,
0.03,17,nonlinear,True,101.92868389328035,5.045670797772877,0.996279011542566,0.019286838932803505,0.009134159554575482,
0.03,17,lineweaver_burk,True,105.50933347429911,5.328498147188658,0.9941686727338338,0.05509333474299112,0.06569962943773167,
0.03,18,nonlinear,True,99.26628773862666,4.8756652805055545,0.9988603217255775,0.007337122613733414,0.024866943898889105,
0.03,18,lineweaver_burk,True,106.1159291404847,5.49039574814966,0.9914181147223802,0.06115929140484695,0.09807914962993199,
0.03,19,nonlinear,True,100.19173042627015,5.1166691795434724,0.9963657081137746,0.001917304262701549,0.02333383590869449,
0.03,19,lineweaver_burk,True,98.28613999115181,4.913933697484303,0.9958451344210505,0.017138600088481865,0.017213260503139337,
0.03,20,nonlinear,True,98.68619782504888,4.888399524065348,0.9972317486692053,0.01313802174951121,0.022320095186930365,
0.03,20,lineweaver_burk,True,99.00984321859328,4.949463437137115,0.9972115348994168,0.00990156781406725,0.010107312572577066,
0.03,21,nonlinear,True,103.52900120147503,5.189696202653599,0.9961384715173955,0.03529001201475026,0.03793924053071986,
0.03,21,lineweaver_burk,True,100.11438630651278,4.995757930084427,0.9937706796037745,0.0011438630651278458,0.000848413983114682,
0.03,22,nonlinear,True,99.35823328605188,4.887564599861721,0.9981909491034664,0.006417667139481153,0.022487080027655714,
0.03,22,lineweaver_burk,True,105.33555921104688,5.399467274869959,0.9922983715171712,0.05335559211046885,0.07989345497399185,
0.03,23,nonlinear,True,99.02980220711278,5.116483083729332,0.995060494174506,0.009701977928872197,0.023296616745866316,
0.03,23,lineweaver_burk,True,92.19055158630105,4.600777122064573,0.9860185488134561,0.07809448413698945,0.07984457558708549,
0.03,24,nonlinear,True,103.2537647043642,5.243434882630457,0.9950268803891854,0.03253764704364201,0.04868697652609146,
0.03,24,lineweaver_burk,True,102.68341620528881,5.159491272060167,0.9949862548924266,0.026834162052888074,0.031898254412033464,
0.03,25,nonlinear,True,100.3852370756713,5.112261889580983,0.9965175682684059,0.003852370756712986,0.022452377916196652,
0.03,25,lineweaver_burk,True,99.66500229638324,5.050437399798263,0.9964321428683646,0.003349977036167644,0.010087479959652512,
0.03,26,nonlinear,True,101.64508633145634,5.421986146386823,0.9986978979699743,0.016450863314563406,0.08439722927736462,
0.03,26,lineweaver_burk,True,93.16124539931356,4.595064389898214,0.9878103709657663,0.06838754600686442,0.08098712202035721,
0.03,27,nonlinear,True,98.9021913647152,4.684908108339087,0.9954828062834407,0.010978086352848066,0.06301837833218257,
0.03,27,lineweaver_burk,True,96.46737602474632,4.585900253346848,0.9938525470572513,0.03532623975253685,0.08281994933063039,
0.03,28,nonlinear,True,102.19390578693324,5.352636382529251,0.9975663620565998,0.02193905786933243,0.07052727650585026,
0.03,28,lineweaver_burk,True,101.23795979031729,5.268321032052068,0.9974268784681762,0.012379597903172907,0.053664206410413584,
0.03,29,nonlinear,True,101.83182874315311,5.197877572639648,0.9953426952311019,0.018318287431531105,0.03957551452792955,
0.03,29,lineweaver_burk,True,95.89714388905429,4.677168530582302,0.9897054384565587,0.04102856110945709,0.06456629388353967,
0.03,30,nonlinear,True,104.19207446237363,5.427323873113741,0.9979085533174491,0.04192074462373625,0.08546477462274815,
0.03,30,lineweaver_burk,True,97.34122214831456,4.740332369793316,0.9914996930337865,0.026587778516854427,0.05193352604133672,
0.03,31,nonlinear,True,97.79274490398133,4.812146739256971,0.9988562119875923,0.022072550960186704,0.03757065214860589,
0.03,31,lineweaver_burk,True,98.06608099794724,4.868523336408944,0.9988380672642786,0.01933919002052761,0.026295332718211207,
0.03,32,nonlinear,True,99.99479249894038,4.92156802087467,0.9981912162854161,5.207501059615538e-05,0.015686395825066056,
0.03,32,lineweaver_burk,True,100.54686797862391,5.00635921204553,0.9981476654150254,0.005468679786239079,0.0012718424091060498,
0.03,33,nonlinear,True,99.65465051705546,4.988539900249166,0.999072128776863,0.0034534948294454183,0.0022920199501667684,
0.03,33,lineweaver_burk,True,103.48988733913077,5.275323196172783,0.9963681135585946,0.03489887339130775,0.05506463923455662,
0.03,34,nonlinear,True,98.28336436721149,4.824730100716054,0.9988512138878407,0.017166356327885098,0.03505397985678922,
0.03,34,lineweaver_burk,True,96.9765755311274,4.708773690698579,0.9985552367341758,0.030234244688726052,0.058245261860284184,
0.03,35,nonlinear,True,101.46434209099895,5.1650816631053615,0.9991477479030979,0.014643420909989545,0.03301633262107231,
0.03,35,lineweaver_burk,True,105.3099701999937,5.499377564321072,0.9968686366403683,0.05309970199993699,0.09987551286421432,
0.03,36,nonlinear,True,101.18897607679587,5.113214182759494,0.9979455216518828,0.011889760767958677,0.022642836551898783,
0.03,36,lineweaver_burk,True,98.67651814057263,4.890547243743649,0.9969394340827806,0.013234818594273747,0.021890551251270197,
0.03,37,nonlinear,True,100.66284079817049,5.10485693677768,0.9987630604409193,0.006628407981704925,0.020971387355536032,
0.03,37,lineweaver_burk,True,99.66208549653341,4.922761812661964,0.9985941681853189,0.0033791450346659247,0.015447637467607222,
0.03,38,nonlinear,True,98.35156968688901,4.87027751889519,0.9979374671011065,0.016484303131109924,0.025944496220962066,
0.03,38,lineweaver_burk,True,98.79053555952814,4.940370204052459,0.9979079088793402,0.012094644404718621,0.011925959189508183,
0.03,39,nonlinear,True,100.7014171832506,5.216155602022452,0.989820700714917,0.0070141718325059796,0.0432311204044904,
0.03,39,lineweaver_burk,True,105.09612020348146,5.386387798073173,0.9847209989131757,0.05096120203481462,0.07727755961463459,
0.03,40,nonlinear,True,100.63111506797877,4.970542439586215,0.997784303702375,0.006311150679787687,0.005891512082756911,
0.03,40,lineweaver_burk,True,98.82522584168848,4.818571713186222,0.9972360702999327,0.011747741583115215,0.036285657362755686,
0.03,41,nonlinear,True,99.10027175406178,4.906844704960146,0.9990010088174684,0.008997282459382205,0.01863105900797084,
0.03,41,lineweaver_burk,True,95.58627236981734,4.570669779783257,0.9969912223281684,0.04413727630182663,0.08586604404334856,
0.03,42,nonlinear,True,101.30821819217694,5.437751840719543,0.9975794145642151,0.013082181921769376,0.08755036814390867,
0.03,42,lineweaver_burk,True,94.99153634938452,4.649403549737644,0.9923296233534831,0.05008463650615482,0.07011929005247115,
0.03,43,nonlinear,True,99.7569985571358,5.162270932911291,0.9974161455672467,0.0024300144286419825,0.03245418658225816,
0.03,43,lineweaver_burk,True,96.79742159079215,4.862534170563152,0.9960962160630432,0.03202578409207845,0.027493165887369563,
0.03,44,nonlinear,True,100.0481384545172,5.0350755743694995,0.998447615857117,0.0004813845451720056,0.007015114873899897,
0.03,44,lineweaver_burk,True,99.43471135999121,4.838226290928731,0.9981758625556365,0.00565288640008788,0.032354741814253886,
0.03,45,nonlinear,True,102.65244609426315,4.942936262217622,0.9973902569372092,0.02652446094263155,0.011412747556475544,
0.03,45,lineweaver_burk,True,100.41484433766685,4.9074690745610745,0.9957652713776728,0.004148443376668496,0.0185061850877851,
0.03,46,nonlinear,True,100.48579826028751,5.202618386925219,0.9923292306956615,0.004857982602875097,0.04052367738504383,
0.03,46,lineweaver_burk,True,98.75054192350262,4.972201271595832,0.9919472255625414,0.012494580764973761,0.005559745680833572,
0.03,47,nonlinear,True,100.39454637538554,5.320093608498887,0.9953590545710135,0.003945463753855449,0.06401872169977736,
0.03,47,lineweaver_burk,True,96.49531507313962,4.786710658742407,0.9933807185790262,0.035046849268603776,0.04265786825151867,
0.03,48,nonlinear,True,102.97773962064817,5.218650773922024,0.996976812404344,0.029777396206481656,0.043730154784404715,
0.03,48,lineweaver_burk,True,104.46063310232364,5.333383600923214,0.9966167690731925,0.044606331023236405,0.06667672018464277,
0.03,49,nonlinear,True,97.26761037168423,4.601339768056693,0.9977641134377276,0.027323896283157723,0.07973204638866135,
0.03,49,lineweaver_burk,True,103.30943653668434,5.263635585860652,0.9923128491627585,0.033094365366843445,0.05272711717213045,
0.1,0,nonlinear,True,101.93232939899083,5.033359725078794,0.9862775086595038,0.019323293989908306,0.006671945015758851,
0.1,0,lineweaver_burk,True,109.41238147466076,6.168575749363108,0.9799257828628656,0.09412381474660762,0.23371514987262162,
0.1,1,nonlinear,True,90.70988131537075,4.446743895118134,0.9658140802634523,0.09290118684629249,0.11065122097637321,
0.1,1,lineweaver_burk,True,105.56458066935163,5.736865554907159,0.9226213538718959,0.05564580669351628,0.14737311098143185,
0.1,2,nonlinear,True,109.47542656920174,5.82464540627077,0.976957588337228,0.09475426569201745,0.16492908125415404,
0.1,2,lineweaver_burk,True,103.77180839913814,5.0135924177154685,0.9736651395402818,0.03771808399138138,0.002718483543093697,
0.1,3,nonlinear,True,98.66027764678945,5.079392352783125,0.9637133167160961,0.01339722353210547,0.015878470556624967,
0.1,3,lineweaver_burk,True,83.09320659723832,3.7552474925077,0.9188914958093775,0.16906793402761677,0.24895050149845996,
0.1,4,nonlinear,True,99.45249720389288,5.15573432044214,0.9438384395983636,0.005475027961071248,0.03114686408842804,
0.1,4,lineweaver_burk,True,95.72676454458586,4.667213885130337,0.9420817601333675,0.04273235455414138,0.06655722297393254,
0.1,5,nonlinear,True,114.87856670419195,6.6658541725320335,0.9818690863668645,0.14878566704191953,0.3331708345064067,
0.1,5,lineweaver_burk,True,111.89460137934792,5.865575056711244,0.9798080210434569,0.11894601379347919,0.17311501134224888,
0.1,6,nonlinear,True,97.34192531289598,5.340874509106953,0.9883103120590124,0.02658074687104019,0.06817490182139067,
0.1,6,lineweaver_burk,True,103.59909826394514,5.611273424847616,0.9776733117929403,0.03599098263945137,0.12225468496952327,
0.1,7,nonlinear,True,113.10391130192173,7.038205495137003,0.9477546711442745,0.13103911301921728,0.4076410990274006,
0.1,7,lineweaver_burk,True,88.02452126074901,4.143838205004634,0.883435309923553,0.11975478739250989,0.17123235899907313,
0.1,8,nonlinear,True,108.97423545200833,5.361028461227031,0.9879306542399309,0.08974235452008329,0.07220569224540618,
0.1,8,lineweaver_burk,True,122.91518430870488,6.698073092926921,0.9669099446671446,0.2291518430870488,0.3396146185853842,
0.1,9,nonlinear,True,85.59965121220453,3.725891132440188,0.9636463781179496,0.14400348787795467,0.2548217735119624,
0.1,9,lineweaver_burk,True,87.7405927957404,4.088512250452969,0.9623452930692706,0.12259407204259602,0.18229754990940616,
0.1,10,nonlinear,True,100.87313209921818,5.442049918747963,0.9807264877723247,0.008731320992181822,0.0884099837495926,
0.1,10,lineweaver_burk,True,109.00136485131064,5.9189285664417275,0.9671381136376073,0.0900136485131064,0.1837857132883455,
0.1,11,nonlinear,True,101.68127708410104,5.036134985200309,0.9475388639231134,0.016812770841010405,0.0072269970400618885,
0.1,11,lineweaver_burk,True,100.46505265684499,5.280609540908741,0.9450994301302483,0.004650526568449891,0.056121908181748205,
0.1,12,nonlinear,True,98.06337519453476,4.164716649195264,0.9820996093866375,0.01936624805465243,0.1670566701609472,
0.1,12,lineweaver_burk,True,101.20881614957193,4.714761506990169,0.9798357949912843,0.012088161495719306,0.057047698601966165,
0.1,13,nonlinear,True,104.14823587019833,5.541461118272318,0.9767807474374368,0.04148235870198334,0.10829222365446363,
0.1,13,lineweaver_burk,True,106.29912462635734,5.673608842996527,0.9759409805624488,0.0629912462635734,0.13472176859930532,
0.1,14,nonlinear,True,103.84402310357855,4.828886673671967,0.9556422795533084,0.038440231035785505,0.03422266526560662,
0.1,14,lineweaver_burk,True,93.8877434210419,4.4364396639381445,0.9322408669445852,0.06112256578958096,0.1127120672123711,
0.1,15,nonlinear,True,96.81747987321756,4.684621881076188,0.96445481394672,0.03182520126782436,0.06307562378476242,
0.1,15,lineweaver_burk,True,93.34292695483906,4.635848644907864,0.9599885334799225,0.06657073045160943,0.07283027101842716,
0.1,16,nonlinear,True,105.9375837537957,4.6233667687223186,0.9606827459504574,0.05937583753795707,0.07532664625553628,
0.1,16,lineweaver_burk,True,115.2940458057656,5.962919668190478,0.9508269616622806,0.15294045805765605,0.19258393363809567,
0.1,17,nonlinear,True,100.09888492212846,5.107913300346466,0.9846775525613432,0.0009888492212846245,0.02158266006929317,
0.1,17,lineweaver_burk,True,104.80496520807479,5.151771810956753,0.976345549617096,0.04804965208074791,0.03035436219135068,
0.1,18,nonlinear,True,106.87923785380626,5.208129122907481,0.958691388284479,0.0687923785380626,0.04162582458149622,
0.1,18,lineweaver_burk,True,114.96806715483231,6.194427439607347,0.9523369502661536,0.14968067154832312,0.2388854879214694,
0.1,19,nonlinear,True,90.53646323844562,4.3437592548426585,0.9759205773982947,0.0946353676155438,0.1312481490314683,
0.1,19,lineweaver_burk,True,90.75644199335072,4.660942131415607,0.9743122490066066,0.0924355800664928,0.06781157371687865,
0.1,20,nonlinear,True,114.98289890594071,7.049243643413969,0.9592778720891899,0.14982898905940714,0.40984872868279376,
0.1,20,lineweaver_burk,True,93.59484963574121,4.202880005742681,0.9186279365884704,0.06405150364258788,0.15942399885146372,
0.1,21,nonlinear,True,98.62357997270765,5.305343867663716,0.9833229525193432,0.013764200272923546,0.061068773532743134,
0.1,21,lineweaver_burk,True,88.41326509627731,4.1266717233996575,0.9675489004144133,0.11586734903722685,0.1746656553200685,
0.1,22,nonlinear,True,94.56502311746522,4.416818006304736,0.9948233635388747,0.05434976882534784,0.11663639873905271,
0.1,22,lineweaver_burk,True,92.66626326107468,4.3203406885905355,0.9938078053145402,0.07333736738925324,0.13593186228189288,
0.1,23,nonlinear,True,101.56911869456052,4.505152285813331,0.9866864849547301,0.015691186945605153,0.0989695428373338,
0.1,23,lineweaver_burk,True,234.54378910930575,16.058021935900005,-0.5258318983073009,1.3454378910930576,2.211604387180001,
0.1,24,nonlinear,True,96.40388273967858,4.005785563485307,0.9528844571852213,0.03596117260321421,0.19884288730293864,
0.1,24,lineweaver_burk,True,102.50343361193308,5.192757868048305,0.9429325845480596,0.02503433611933076,0.038551573609660925,
0.1,25,nonlinear,True,101.50282033132171,5.222702718294904,0.9766773628308838,0.015028203313217147,0.04454054365898088,
0.1,25,lineweaver_burk,True,89.16303924745462,4.254203184367476,0.9496679149325781,0.1083696075254538,0.14915936312650474,
0.1,26,nonlinear,True,103.99952013039903,5.566262555819886,0.9529522483577514,0.03999520130399034,0.11325251116397723,
0.1,26,lineweaver_burk,True,97.91518834251256,5.039901286519008,0.9475638761837737,0.020848116574874353,0.007980257303801608,
0.1,27,nonlinear,True,99.80282161799138,5.125219646539488,0.9482290926409345,0.001971783820086159,0.025043929307897627,
0.1,27,lineweaver_burk,True,82.83419563347661,3.69655887462071,0.8970004184104519,0.17165804366523388,0.260688225075858,
0.1,28,nonlinear,True,102.67087850995955,5.406418653691056,0.9464927223860266,0.0267087850995955,0.08128373073821127,
0.1,28,lineweaver_burk,True,94.1723907514624,4.519324452203234,0.9368576705443029,0.058276092485375984,0.09613510955935319,
0.1,29,nonlinear,True,93.36288436035044,4.110632136789919,0.9645824607295237,0.06637115639649566,0.17787357264201625,
0.1,29,lineweaver_burk,True,115.83019304838973,6.364829364412133,0.8855124319852468,0.15830193048389732,0.2729658728824266,
0.1,30,nonlinear,True,102.39858412490874,5.396128100759831,0.9755201003205034,0.023985841249087373,0.07922562015196614,
0.1,30,lineweaver_burk,True,95.68111801523416,4.870041506033268,0.9679686434198917,0.04318881984765838,0.02599169879334635,
0.1,31,nonlinear,True,107.0330976202276,6.183181846662347,0.9868748162131149,0.07033097620227594,0.23663636933246934,
0.1,31,lineweaver_burk,True,98.60657042869525,4.9682858659415245,0.9796753288392465,0.013934295713047504,0.006342826811695091,
0.1,32,nonlinear,True,90.17724009978713,3.6494316645156677,0.9880370330084448,0.09822759900212873,0.27011366709686646,
0.1,32,lineweaver_burk,True,87.93937165241918,3.731459182636023,0.9838444866143994,0.12060628347580817,0.25370816347279546,
0.1,33,nonlinear,True,96.33067705309217,4.308334990446881,0.9937483105729167,0.03669322946907826,0.13833300191062375,
0.1,33,lineweaver_burk,True,94.98958805021007,4.209673732614311,0.9933634719786782,0.05010411949789926,0.1580652534771378,
0.1,34,nonlinear,True,116.46691612301292,6.520526431763721,0.9763152825091228,0.16466916123012923,0.3041052863527442,
0.1,34,lineweaver_burk,True,98.71020187665981,5.072129743397087,0.9393499339741024,0.012897981233401907,0.014425948679417466,
0.1,35,nonlinear,True,109.54069041756048,5.888725911449165,0.9705103080555577,0.09540690417560484,0.177745182289833,
0.1,35,lineweaver_burk,True,91.82636045820907,4.2008642480232625,0.9306299287720158,0.08173639541790934,0.1598271503953475,
0.1,36,nonlinear,True,91.46310614957343,4.361004564613265,0.9842019719986624,0.08536893850426566,0.12779908707734702,
0.1,36,lineweaver_burk,True,96.09160432971996,4.817448154247168,0.980124319593952,0.03908395670280043,0.03651036915056647,
0.1,37,nonlinear,True,106.82555356365133,5.692062849886789,0.9691038644500872,0.06825553563651326,0.13841256997735787,
0.1,37,lineweaver_burk,True,96.0610546256855,4.501134358717427,0.9551418552981917,0.039389453743144995,0.09977312825651463,
0.1,38,nonlinear,True,93.37770152655061,3.896109353540689,0.9826386023209224,0.06622298473449391,0.22077812929186216,
0.1,38,lineweaver_burk,True,104.1552982479812,5.11281412638521,0.9629486476100416,0.04155298247981193,0.02256282527704201,
0.1,39,nonlinear,True,111.52893886430721,6.473685740158012,0.9761604608001789,0.11528938864307207,0.2947371480316024,
0.1,39,lineweaver_burk,True,112.70726099441859,5.822513483124205,0.968674047151989,0.1270726099441859,0.16450269662484107,
0.1,40,nonlinear,True,104.61066124665116,5.523966373604212,0.9724820400119502,0.04610661246651162,0.10479327472084243,
0.1,40,lineweaver_burk,True,103.93084598314417,5.168428696043891,0.9715106269953967,0.03930845983144167,0.033685739208778286,
0.1,41,nonlinear,True,115.56977606592014,6.593442895131453,0.9796468758817584,0.15569776065920138,0.3186885790262906,
0.1,41,lineweaver_burk,True,94.15572190950155,4.537160593551583,0.9295096668594945,0.05844278090498449,0.09256788128968338,
0.1,42,nonlinear,True,108.02869591299273,5.134665693584438,0.9738770421741335,0.08028695912992731,0.026933138716887583,
0.1,42,lineweaver_burk,True,100.26270211327564,4.952426763651797,0.9584363413928219,0.0026270211327563686,0.00951464726964062,
0.1,43,nonlinear,True,101.45006731689699,4.62422470165332,0.9877745745865563,0.014500673168969911,0.07515505966933596,
0.1,43,lineweaver_burk,True,109.82423297558219,5.524079263589307,0.9786346968761281,0.09824232975582191,0.10481585271786145,
0.1,44,nonlinear,True,107.91220259690868,5.109385422963852,0.9894664352623098,0.07912202596908685,0.0218770845927704,
0.1,44,lineweaver_burk,True,110.08873817225957,5.1738598193813665,0.9882935991357257,0.10088738172259568,0.03477196387627331,
0.1,45,nonlinear,True,97.91630826547039,4.848067068742767,0.9661744386397192,0.020836917345296087,0.030386586251446523,
0.1,45,lineweaver_burk,True,90.41776581293519,4.1555378675290555,0.956489479735222,0.09582234187064813,0.1688924264941889,
0.1,46,nonlinear,True,88.18225939632127,3.8553391997068527,0.958150223082169,0.1181774060367873,0.22893216005862946,
0.1,46,lineweaver_burk,True,100.93056889302353,5.407846608653716,0.9286394815653494,0.009305688930235334,0.0815693217307432,
0.1,47,nonlinear,True,106.31774551224039,6.431491835555706,0.9788963953419324,0.06317745512240393,0.28629836711114115,
0.1,47,lineweaver_burk,True,85.19660772882953,3.8672840706635085,0.9253320254468189,0.14803392271170465,0.2265431858672983,
0.1,48,nonlinear,True,97.6071512704292,4.603805590418322,0.9667181291782888,0.02392848729570801,0.07923888191633566,
0.1,48,lineweaver_burk,True,89.62399104819606,3.905478911949789,0.9550227942225783,0.10376008951803939,0.2189042176100422,
0.1,49,nonlinear,True,104.67981159776613,5.168457142133395,0.9806973390811988,0.04679811597766133,0.03369142842667898,
0.1,49,lineweaver_burk,True,95.81187711884458,4.634046246143365,0.9656283447605543,0.041881228811554226,0.07319075077132702,
0.2,0,nonlinear,True,97.9039493067042,4.790353274885364,0.9517204556593654,0.02096050693295794,0.04192934502292722,
0.2,0,lineweaver_burk,True,1463.9850399438262,132.71577486109277,-14.807834569203928,13.639850399438263,25.543154972218552,
0.2,1,nonlinear,True,116.8475240130831,6.620285953324579,0.9100001481571961,0.16847524013083104,0.32405719066491584,
0.2,1,lineweaver_burk,True,75.69299361302586,2.5093738662233243,0.713003764730856,0.24307006386974137,0.49812522675533516,
0.2,2,nonlinear,True,108.28470281943234,4.223398070155538,0.9403868801558516,0.0828470281943234,0.15532038596889244,
0.2,2,lineweaver_burk,True,128.70913848907776,6.894711101277821,0.8982084321659292,0.28709138489077757,0.3789422202555642,
0.2,3,nonlinear,True,96.89739577157074,5.542426010581476,0.8210254716033251,0.031026042284292572,0.1084852021162952,
0.2,3,lineweaver_burk,True,79.14558917279017,4.215234049399778,0.7646705475956059,0.20854410827209832,0.15695319012004436,
0.2,4,nonlinear,True,100.53881468809725,5.35541906127556,0.7322331019203205,0.005388146880972471,0.07108381225511202,
0.2,4,lineweaver_burk,True,80.3241329407931,3.770321691105614,0.6737929174815347,0.19675867059206895,0.24593566177887718,
0.2,5,nonlinear,True,106.40434631247992,4.924619032031092,0.9363945593202885,0.06404346312479917,0.01507619359378154,
0.2,5,lineweaver_burk,True,134.82962393430012,7.053007067948597,0.8313365407026698,0.34829623934300113,0.4106014135897194,
0.2,6,nonlinear,True,111.86941952802334,9.439167490473974,0.9014162378653859,0.11869419528023344,0.8878334980947947,
0.2,6,lineweaver_burk,True,77.9741273661522,4.226660484422114,0.8061110982689895,0.22025872633847798,0.15466790311557724,
0.2,7,nonlinear,True,114.29103640018478,6.694014774958593,0.9502993793520096,0.14291036400184778,0.3388029549917187,
0.2,7,lineweaver_burk,True,130.73306876743513,8.562541109669393,0.9306409501061197,0.3073306876743513,0.7125082219338786,
0.2,8,nonlinear,True,90.77542012100608,3.676303311014306,0.9400759632506741,0.09224579878993922,0.26473933779713876,
0.2,8,lineweaver_burk,True,98.63348410935956,4.785388104982025,0.9284655332354865,0.013665158906404429,0.04292237900359499,
0.2,9,nonlinear,True,113.0756543623775,9.090722569525344,0.9296842296944184,0.13075654362377506,0.8181445139050687,
0.2,9,lineweaver_burk,True,122.64932850756666,8.8913873099133,0.9026517342937659,0.22649328507566666,0.77827746198266,
0.2,10,nonlinear,True,109.22659930555615,4.989909987761331,0.9611967151037218,0.09226599305556149,0.0020180024477337356,
0.2,10,lineweaver_burk,True,150.9858363083323,9.646742165556208,0.8252375261018509,0.509858363083323,0.9293484331112417,
0.2,11,nonlinear,True,93.16518450668535,3.9257768601209855,0.8693318920159988,0.0683481549331465,0.2148446279758029,
0.2,11,lineweaver_burk,True,137.06130262422826,8.97565504057825,0.6463970142658451,0.3706130262422826,0.79513100811565,
0.2,12,nonlinear,True,98.09424021673055,4.090502453795496,0.9107021121849127,0.019057597832694454,0.18189950924090076,
0.2,12,lineweaver_burk,True,105.06290050523401,4.7204051252514745,0.9030908949098919,0.050629005052340116,0.0559189749497051,
0.2,13,nonlinear,True,100.5170693598955,4.3224391047439195,0.8596459960796452,0.005170693598955012,0.1355121790512161,
0.2,13,lineweaver_burk,True,123.90302842688034,6.180581098495545,0.7842730773323696,0.2390302842688034,0.23611621969910904,
0.2,14,nonlinear,True,131.5355787074019,7.6459044942459125,0.9815869979378956,0.31535578707401896,0.5291808988491825,
0.2,14,lineweaver_burk,True,123.7292773127974,6.485407590929595,0.9781161346278792,0.23729277312797392,0.2970815181859191,
0.2,15,nonlinear,True,83.21023677333157,3.340777467981978,0.9365629213668292,0.16789763226668428,0.33184450640360436,
0.2,15,lineweaver_burk,True,214.29540884486596,15.92303169289912,-1.2780241943135282,1.1429540884486595,2.184606338579824,
0.2,16,nonlinear,True,140.94110854523527,9.438214973031279,0.9560176936846001,0.40941108545235266,0.8876429946062558,
0.2,16,lineweaver_burk,True,76.9685609445015,4.037547745338997,0.6331079480748336,0.23031439055498495,0.19249045093220066,
0.2,17,nonlinear,True,105.53215205525254,4.929747955755183,0.8191347376757309,0.055321520552525386,0.014050408848963336,
0.2,17,lineweaver_burk,True,84.07598163687048,3.7669798234522625,0.739389330803532,0.1592401836312952,0.2466040353095475,
0.2,18,nonlinear,True,86.55167483488783,4.329759822622724,0.9147610878924833,0.13448325165112165,0.13404803547545524,
0.2,18,lineweaver_burk,True,90.39775077052849,4.627934256014204,0.9110072082243852,0.0960224922947151,0.07441314879715914,
0.2,19,nonlinear,True,109.46505486720642,8.140254647054059,0.8263420479229335,0.09465054867206418,0.6280509294108118,
0.2,19,lineweaver_burk,True,178.36473152914076,14.115593920019874,0.4214996312322109,0.7836473152914075,1.8231187840039749,
0.2,20,nonlinear,True,98.61719663351849,4.694292184681069,0.9574980653837932,0.01382803366481511,0.061141563063786285,
0.2,20,lineweaver_burk,True,115.8741774507297,5.933999569462057,0.9036997899548589,0.15874177450729704,0.1867999138924114,
0.2,21,nonlinear,True,78.55290359976702,2.6425833285080227,0.7653813759884034,0.2144709640023298,0.47148333429839545,
0.2,21,lineweaver_burk,True,75.06517837241448,3.0713220364177323,0.7396188802530965,0.2493482162758552,0.3857355927164535,
0.2,22,nonlinear,True,100.93172710390425,4.971929384327258,0.8855431310627814,0.009317271039042509,0.005614123134548343,
0.2,22,lineweaver_burk,True,109.21138044154971,5.894602533515454,0.8777956483104986,0.09211380441549707,0.1789205067030908,
0.2,23,nonlinear,True,120.0883797426061,6.489508207766895,0.9431732830353236,0.20088379742606094,0.297901641553379,
0.2,23,lineweaver_burk,True,104.33701846554709,5.050411265133685,0.9197237312851838,0.04337018465547089,0.010082253026737042,
0.2,24,nonlinear,True,126.47625636554008,9.994228657547259,0.9437596763304423,0.2647625636554008,0.9988457315094518,
0.2,24,lineweaver_burk,True,77.84476605858848,3.715204696459487,0.7622123877943254,0.22155233941411523,0.2569590607081026,
0.2,25,nonlinear,True,114.2726006935796,5.384081082906538,0.9555263389091635,0.14272600693579604,0.07681621658130755,
0.2,25,lineweaver_burk,True,224.0437309148531,13.7619732045509,0.018268942947758493,1.2404373091485312,1.75239464091018,
0.2,26,nonlinear,True,91.84120493419337,4.821277723894868,0.7674885226561028,0.08158795065806629,0.03574445522102643,
0.2,26,lineweaver_burk,True,130.89842295506529,9.744732612564208,0.6331177531199808,0.30898422955065286,0.9489465225128416,
0.2,27,nonlinear,True,80.31529662471746,3.957162510640791,0.7658501638517726,0.1968470337528254,0.20856749787184184,
0.2,27,lineweaver_burk,True,88.09412470411583,5.4813927076993405,0.7526612537752693,0.11905875295884172,0.0962785415398681,
0.2,28,nonlinear,True,90.29738227142104,3.127072604891147,0.8450688647271988,0.09702617728578958,0.3745854790217706,
0.2,28,lineweaver_burk,True,122.3866808947693,6.33580679879494,0.6857294170400471,0.22386680894769298,0.267161359758988,
0.2,29,nonlinear,True,84.44474426080322,3.869444692290176,0.9207900554189498,0.1555525573919678,0.2261110615419648,
0.2,29,lineweaver_burk,True,74.14142007126797,3.0477375036532144,0.8895426741994923,0.2585857992873203,0.3904524992693571,
0.2,30,nonlinear,True,107.21933633699129,5.739251992372559,0.9651294195468101,0.0721933633699129,0.14785039847451173,
0.2,30,lineweaver_burk,True,83.1038700578715,3.4301104143897208,0.8813117985815282,0.16896129942128496,0.31397791712205586,
0.2,31,nonlinear,True,121.43158087606092,8.005314992282111,0.8111474026330926,0.2143158087606092,0.6010629984564222,
0.2,31,lineweaver_burk,True,72.03794132007448,2.8185569909478425,0.5942858112870563,0.27962058679925517,0.4362886018104315,
0.2,32,nonlinear,True,120.99172847656179,8.697299031230795,0.901663760311011,0.20991728476561788,0.739459806246159,
0.2,32,lineweaver_burk,True,87.47188936906872,4.272499506764608,0.8175770493853945,0.1252811063093128,0.1455000986470784,
0.2,33,nonlinear,True,75.76762699254095,3.230501130150378,0.7626151834189951,0.24232373007459046,0.35389977396992445,
0.2,33,lineweaver_burk,True,87.2158175680203,4.658071147959293,0.7323948368951964,0.12784182431979701,0.06838577040814134,
0.2,34,nonlinear,True,121.5254669857466,8.126270747194562,0.9480012579649799,0.21525466985746605,0.6252541494389124,
0.2,34,lineweaver_burk,True,146.44391988451142,9.181521616562515,0.8606022407562346,0.46443919884511414,0.8363043233125029,
0.2,35,nonlinear,True,89.07854443704893,3.6994872411685797,0.8259538150403651,0.10921455562951067,0.26010255176628405,
0.2,35,lineweaver_burk,True,80.15927314874425,4.0733509448815255,0.7726080833417461,0.19840726851255752,0.1853298110236949,
0.2,36,nonlinear,True,93.7914459701694,3.8261195098757894,0.80975892999705,0.062085540298305944,0.23477609802484212,
0.2,36,lineweaver_burk,True,81.17296743463436,3.711291889155852,0.7515842422172065,0.18827032565365642,0.25774162216882956,
0.2,37,nonlinear,True,108.65517369376722,6.047520146103642,0.863332871715943,0.08655173693767225,0.20950402922072833,
0.2,37,lineweaver_burk,True,75.98557279647795,3.3519753115401807,0.7145521365593845,0.24014427203522046,0.32960493769196386,
0.2,38,nonlinear,True,95.72791071954914,4.26357786056196,0.8160922105219189,0.04272089280450857,0.14728442788760798,
0.2,38,lineweaver_burk,True,77.22602117535244,3.8585538593958106,0.7162861476439613,0.22773978824647556,0.22828922812083788,
0.2,39,nonlinear,True,97.50531564181483,4.9171166528263806,0.923284935241053,0.02494684358185168,0.01657666943472389,
0.2,39,lineweaver_burk,True,81.77691206713757,3.50148210151535,0.8785342154953686,0.18223087932862428,0.29970357969692996,
0.2,40,nonlinear,True,102.8344380242097,6.284844751081939,0.9692237736498306,0.028344380242097032,0.2569689502163879,
0.2,40,lineweaver_burk,True,100.81117490112966,6.13192022272199,0.9685519188470774,0.00811174901129661,0.22638404454439803,
0.2,41,nonlinear,True,101.20565954742096,4.610331495378766,0.8195313470187937,0.012056595474209644,0.07793370092424681,
0.2,41,lineweaver_burk,True,77.61516336946923,4.3084963588774805,0.6658914555598144,0.22384836630530772,0.1383007282245039,
0.2,42,nonlinear,True,119.49175815408496,6.958551455089283,0.9598321840750527,0.19491758154084962,0.39171029101785654,
0.2,42,lineweaver_burk,True,128.53769957127153,7.6901408973725776,0.9520039376464938,0.2853769957127153,0.5380281794745155,
0.2,43,nonlinear,True,112.24089918222876,5.540363948461272,0.8108531042958979,0.1224089918222876,0.10807278969225446,
0.2,43,lineweaver_burk,True,108.12402204043585,5.6056624166733195,0.8057960621936102,0.08124022040435847,0.1211324833346639,
0.2,44,nonlinear,True,112.44679386999118,5.3471358446699835,0.9012148205999015,0.12446793869991182,0.0694271689339967,
0.2,44,lineweaver_burk,True,158.22082540842268,9.39820203964667,0.7273465406195962,0.5822082540842268,0.8796404079293338,
0.2,45,nonlinear,True,98.59278921180433,4.029418817079989,0.9175314678258433,0.014072107881956697,0.19411623658400218,
0.2,45,lineweaver_burk,True,144.63750285603376,7.379534643507502,0.5881266541619947,0.4463750285603376,0.4759069287015004,
0.2,46,nonlinear,True,82.59830227568021,3.0316684675664978,0.9280959373594263,0.1740169772431979,0.3936663064867004,
0.2,46,lineweaver_burk,True,103.95686717997587,5.194636029496932,0.820957814481448,0.03956867179975873,0.038927205899386405,
0.2,47,nonlinear,True,100.1827113038095,3.9852174382592085,0.8536909717870698,0.0018271130380949786,0.2029565123481583,
0.2,47,lineweaver_burk,True,97.61344387984377,4.3332160646631435,0.8450923159636304,0.023865561201562288,0.1333567870673713,
0.2,48,nonlinear,True,98.16181599800846,5.083110833505101,0.8176449718302183,0.018381840019915358,0.01662216670102019,
0.2,48,lineweaver_burk,True,88.17052040642784,4.386054558516556,0.8001079062330367,0.11829479593572159,0.12278908829668875,
0.2,49,nonlinear,True,87.76399934014259,3.599104931171399,0.8332607389702872,0.1223600065985741,0.2801790137657202,
0.2,49,lineweaver_burk,True,67.16424503271035,3.332958029725983,0.6545823441516634,0.32835754967289643,0.3334083940548034,
0.4,0,nonlinear,True,183.68800805790693,22.497845440172686,0.7512403807949224,0.8368800805790693,3.499569088034537,
0.4,0,lineweaver_burk,True,37.51739431767921,1.1836813280763994,-0.025166883796227335,0.6248260568232079,0.7632637343847202,
0.4,1,nonlinear,True,65.81165314544239,2.819894622335855,0.5065993553212108,0.34188346854557605,0.436021075532829,
0.4,1,lineweaver_burk,True,75.99490231503009,4.3920718859193935,0.4855239080200322,0.24005097684969912,0.12158562281612131,
0.4,2,nonlinear,True,71.35534855650837,2.1127201505420286,0.6217094557833458,0.28644651443491626,0.5774559698915943,
0.4,2,lineweaver_burk,True,242.80520096046612,48.671361671928885,-0.47940868940230796,1.4280520096046612,8.734272334385777,
0.4,3,nonlinear,True,159.52952255904967,17.318519985054152,0.7410578677636903,0.5952952255904966,2.4637039970108305,
0.4,3,lineweaver_burk,True,158.5429312997413,10.572787448178058,0.6224691613616083,0.585429312997413,1.1145574896356116,
0.4,4,nonlinear,True,122.91667725795827,5.420901383260851,0.651850405802336,0.2291667725795827,0.08418027665217025,
0.4,4,lineweaver_burk,True,69.05147241263994,4.475403610797222,0.21137053152341412,0.30948527587360064,0.10491927784055566,
0.4,5,nonlinear,True,102.47306374561313,5.004606202834965,0.8644159901560274,0.02473063745613132,0.0009212405669929424,
0.4,5,lineweaver_burk,True,74.40105196247843,2.9700910130187412,0.7223047669386122,0.2559894803752157,0.40598179739625173,
0.4,6,nonlinear,True,69.2188482419299,2.6179281702866706,0.7313872708116365,0.30781151758070097,0.4764143659426659,
0.4,6,lineweaver_burk,True,68.46339953051826,3.0119004159101057,0.7217309764312854,0.3153660046948174,0.39761991681797887,
0.4,7,nonlinear,True,111.55944702958655,8.058180375290279,0.773714225316356,0.1155944702958655,0.6116360750580558,
0.4,7,lineweaver_burk,True,40.86673080444103,1.702242689954662,0.05705970663279569,0.5913326919555897,0.6595514620090676,
0.4,8,nonlinear,True,76.44764835662065,2.1599647538143505,0.7537029829731187,0.23552351643379354,0.5680070492371299,
0.4,8,lineweaver_burk,True,96.42858496715898,4.348979215483922,0.6335522708258108,0.03571415032841017,0.13020415690321557,
0.4,9,nonlinear,True,87.51153075154296,2.632605957273111,0.7621784020837904,0.12488469248457036,0.4734788085453778,
0.4,9,lineweaver_burk,True,473.41604139496695,34.774126995710304,-7.188338002078325,3.7341604139496694,5.954825399142061,
0.4,10,nonlinear,True,124.25468968250831,9.537895027220245,0.7832606065195292,0.24254689682508312,0.9075790054440489,
0.4,10,lineweaver_burk,True,28.314644529824744,2.907917172323649,-0.3736365115827598,0.7168535547017525,0.4184165655352702,
0.4,11,nonlinear,True,74.59266564502495,2.4771639052142125,0.6488571929837915,0.2540733435497505,0.5045672189571575,
0.4,11,lineweaver_burk,True,85.23719622497043,5.838927368798968,0.5546902523043316,0.14762803775029568,0.16778547375979364,
0.4,12,nonlinear,True,62.92407780267217,2.123258451582265,0.7900155501044368,0.37075922197327826,0.575348309683547,
0.4,12,lineweaver_burk,True,69.57813512810496,3.3598592900389526,0.7520935521899852,0.3042186487189504,0.3280281419922095,
0.4,13,nonlinear,True,63.901199123414706,2.5139495001012913,0.20322913943151522,0.36098800876585296,0.49721009997974175,
0.4,13,lineweaver_burk,False,nan,nan,nan,nan,nan,nonphysical_lineweaver_parameters
0.4,14,nonlinear,True,109.29567613411676,7.346093400288404,0.812137046592273,0.0929567613411676,0.4692186800576808,
0.4,14,lineweaver_burk,True,70.268275396632,3.453520202734809,0.6264907072430788,0.2973172460336799,0.30929595945303817,
0.4,15,nonlinear,True,116.9998318032534,6.142833839762359,0.7593531400157363,0.169998318032534,0.22856676795247174,
0.4,15,lineweaver_burk,True,68.90511421698906,5.8300317289304315,0.36982384199293383,0.3109488578301094,0.1660063457860863,
0.4,16,nonlinear,True,69.27911977162364,1.7047836088443244,0.7257733415351433,0.30720880228376357,0.6590432782311352,
0.4,16,lineweaver_burk,True,66.57457527743915,2.4128696622544363,0.6547468623832784,0.3342542472256085,0.5174260675491127,
0.4,17,nonlinear,True,75.09189480108039,1.9342126796147896,0.5389248447527023,0.24908105198919614,0.6131574640770421,
0.4,17,lineweaver_burk,True,87.11568609779798,3.45702701616604,0.48923972056641873,0.12884313902202024,0.30859459676679196,
0.4,18,nonlinear,True,73.93011491199479,2.7621958540890357,0.5627040239614783,0.26069885088005207,0.44756082918219287,
0.4,18,lineweaver_burk,True,61.42886657914299,3.9889769849128114,0.3956651976691513,0.38571133420857007,0.20220460301743773,
0.4,19,nonlinear,True,181.5322752917309,26.16891015367755,0.7775548147699295,0.8153227529173092,4.23378203073551,
0.4,19,lineweaver_burk,True,56.784979256603975,2.9919251040951633,0.37233177777546067,0.43215020743396027,0.40161497918096734,
0.4,20,nonlinear,True,43.54971520813643,1.6379941956122006,0.2806338609336868,0.5645028479186357,0.6724011608775599,
0.4,20,lineweaver_burk,True,38.39250267530284,2.501461871365754,0.19190189314059614,0.6160749732469716,0.4997076257268492,
0.4,21,nonlinear,True,97.3449442666314,3.823825444257965,0.9015023294467781,0.026550557333685987,0.23523491114840703,
0.4,21,lineweaver_burk,True,122.6415334394733,8.433231978056726,0.8099641937305637,0.22641533439473308,0.6866463956113453,
0.4,22,nonlinear,True,286.5376827655597,54.787805209207825,0.8072728025872846,1.8653768276555969,9.957561041841565,
0.4,22,lineweaver_burk,True,81.5349160383656,5.785264424072858,0.5468826071837749,0.18465083961634407,0.15705288481457166,
0.4,23,nonlinear,True,105.94160102727416,7.406482449971834,0.7274921309433228,0.0594160102727416,0.4812964899943667,
0.4,23,lineweaver_burk,True,116.12305440117974,9.319828633604118,0.7219605021377683,0.16123054401179743,0.8639657267208236,
0.4,24,nonlinear,True,93.74596195058241,2.9208244468722246,0.8376644329359642,0.06254038049417587,0.41583511062555506,
0.4,24,lineweaver_burk,False,nan,nan,nan,nan,nan,nonphysical_lineweaver_parameters
0.4,25,nonlinear,True,55.108806641708135,1.2798459175901367,0.4618511171521881,0.44891193358291864,0.7440308164819727,
0.4,25,lineweaver_burk,True,162.39474499136026,14.20600111631632,-2.057783318005338,0.6239474499136025,1.841200223263264,
0.4,26,nonlinear,True,85.34254730518904,4.615927723891933,0.4362695354673638,0.14657452694810957,0.07681445522161337,
0.4,26,lineweaver_burk,True,49.340933221836586,2.1197963822159114,0.21415104237117577,0.5065906677816341,0.5760407235568177,
0.4,27,nonlinear,True,121.81427674186298,4.689256879747862,0.6182710629547605,0.21814276741862984,0.062148624050427516,
0.4,27,lineweaver_burk,True,132.50210971481482,8.192341461623933,0.5799097025851228,0.3250210971481482,0.6384682923247865,
0.4,28,nonlinear,True,69.69262664994773,1.8325149404132215,0.4336625606501835,0.30307373350052275,0.6334970119173556,
0.4,28,lineweaver_burk,True,54.95535241442776,1.8498135983319743,0.306584550768922,0.45044647585572245,0.6300372803336052,
0.4,29,nonlinear,True,125.54518542499937,8.870404577374973,0.6848057280625863,0.2554518542499937,0.7740809154749947,
0.4,29,lineweaver_burk,True,97.39852843093071,4.41932325550743,0.6491337764427534,0.026014715690692896,0.11613534889851404,
0.4,30,nonlinear,True,97.97211290255089,3.9218262558849832,0.5012276509511371,0.0202788709744911,0.21563474882300335,
0.4,30,lineweaver_burk,True,46.56263209554359,1.5853005386458616,0.06909481369568637,0.5343736790445641,0.6829398922708277,
0.4,31,nonlinear,True,51.489698470596245,1.9579906839791357,0.4297406607034562,0.48510301529403754,0.6084018632041729,
0.4,31,lineweaver_burk,True,20.177585562149943,0.5368088851173421,-0.3873349284023675,0.7982241443785005,0.8926382229765316,
0.4,32,nonlinear,True,71.74072996695686,4.997833251767456,0.45447102521210103,0.2825927003304314,0.00043334964650885153,
0.4,32,lineweaver_burk,False,nan,nan,nan,nan,nan,nonpositive_velocity_invalid_for_reciprocal
0.4,33,nonlinear,True,70.11915525178782,2.893045034501172,0.5806209659449253,0.2988084474821218,0.4213909930997656,
0.4,33,lineweaver_burk,True,135.96923193689778,12.468149739904161,0.08747188227395852,0.35969231936897783,1.4936299479808324,
0.4,34,nonlinear,True,105.51365425494004,6.02027628278052,0.7429939323197701,0.05513654254940036,0.20405525655610396,
0.4,34,lineweaver_burk,True,239.514820642948,27.51249206298183,0.36325682469072784,1.39514820642948,4.502498412596366,
0.4,35,nonlinear,True,95.4971658101646,5.64379475386001,0.3984652566714647,0.045028341898353974,0.12875895077200195,
0.4,35,lineweaver_burk,False,nan,nan,nan,nan,nan,nonpositive_velocity_invalid_for_reciprocal
0.4,36,nonlinear,True,97.64888220396037,4.115837489465503,0.4707603860620617,0.02351117796039631,0.17683250210689944,
0.4,36,lineweaver_burk,False,nan,nan,nan,nan,nan,nonpositive_velocity_invalid_for_reciprocal
0.4,37,nonlinear,True,89.35388283825665,2.631813355450764,0.7968184293733108,0.10646117161743347,0.47363732890984717,
0.4,37,lineweaver_burk,True,147.79617790156854,10.037910710687806,0.36136738015133585,0.47796177901568543,1.007582142137561,
0.4,38,nonlinear,True,139.41922356073886,11.346586203460152,0.9090339626799696,0.3941922356073886,1.2693172406920303,
0.4,38,lineweaver_burk,True,50.50676091656804,2.0050360939689185,0.2465515611962389,0.4949323908343196,0.5989927812062164,
0.4,39,nonlinear,True,106.92447257210847,4.9313520754269815,0.717133684226126,0.0692447257210847,0.013729584914603698,
0.4,39,lineweaver_burk,True,80.5469930555395,4.004533840256479,0.5737772248988471,0.19453006944460496,0.1990932319487042,
0.4,40,nonlinear,True,116.5680283256602,7.111064366883797,0.5890697942247449,0.16568028325660195,0.4222128733767594,
0.4,40,lineweaver_burk,True,63.83022323483936,2.6328165928189415,0.33305484571639143,0.36169776765160644,0.4734366814362117,
0.4,41,nonlinear,True,165.409588911095,13.28451339520665,0.7093368799917854,0.65409588911095,1.65690267904133,
0.4,41,lineweaver_burk,True,92.21797963713871,9.903607085160749,0.3922557204692715,0.07782020362861289,0.9807214170321498,
0.4,42,nonlinear,True,89.3750409859859,2.8355778005481165,0.4777209556369705,0.10624959014014096,0.4328844398903767,
0.4,42,lineweaver_burk,True,67.98517249151426,2.7088462338886496,0.3522373726127236,0.3201482750848574,0.4582307532222701,
0.4,43,nonlinear,True,139.11084498323206,9.331412102876255,0.8741461085471722,0.39110844983232057,0.8662824205752511,
0.4,43,lineweaver_burk,False,nan,nan,nan,nan,nan,nonphysical_lineweaver_parameters
0.4,44,nonlinear,True,94.48730206893761,4.348645896179034,0.6398287395118842,0.05512697931062391,0.1302708207641931,
0.4,44,lineweaver_burk,True,87.04781580783074,4.805819411197835,0.6117415581034846,0.12952184192169255,0.03883611776043292,
0.4,45,nonlinear,True,99.32174217101029,6.296701821918581,0.7276371354816984,0.006782578289897145,0.25934036438371616,
0.4,45,lineweaver_burk,False,nan,nan,nan,nan,nan,nonpositive_velocity_invalid_for_reciprocal
0.4,46,nonlinear,True,96.70362312413152,4.426308719692791,0.6540098432399053,0.03296376875868475,0.11473825606144175,
0.4,46,lineweaver_burk,True,66.81085885018953,2.7869327178655294,0.488498474484897,0.3318914114981047,0.4426134564268941,
0.4,47,nonlinear,True,103.23998436324635,5.170517961535177,0.6872962573272832,0.0323998436324635,0.03410359230703541,
0.4,47,lineweaver_burk,True,62.675563746601405,3.851070770503727,0.3688924915731847,0.37324436253398596,0.2297858458992546,
0.4,48,nonlinear,True,94.55083859439766,4.396320647084833,0.5085658617297399,0.054491614056023395,0.1207358705830334,
0.4,48,lineweaver_burk,True,54.6289917373177,1.9434871470691708,0.26905220658391626,0.453710082626823,0.6113025705861659,
0.4,49,nonlinear,True,76.83292367010827,2.8436504960655618,0.5405888362327002,0.23167076329891728,0.43126990078688765,
0.4,49,lineweaver_burk,True,36.47851245294987,2.140424153381714,-0.16627967462642257,0.6352148754705013,0.5719151693236573,
